{"cameraMode":{"drawMode":0,"name":"Shaded","section":"Shading Mode"},"sceneLighting":false,"audioPlay":false,"sceneViewState":{"showFog":true,"showMaterialUpdate":true,"showSkybox":true,"showFlares":true,"showImageEffects":true,"showParticleSystems":true},"in2DMode":false,"pivot":{"x":-1.0886051654815674,"y":71.57999420166016,"z":-0.06586949527263642},"rotation":{"x":0.39421501755714419,"y":0.1041540876030922,"z":-0.045018378645181659,"w":0.911992073059082},"size":0.5744562745094299,"orthographic":false}